﻿<parameters>
  <parameter name="IIS Web Application Name" defaultValue="equipos" tags="IisApp">
    <parameterEntry kind="ProviderPath" scope="IisApp" match="^E:\\Software\\7\\Ingenieria\ Web\\dzfsh\\dzfsh\\obj\\Release\\Package\\PackageTmp$" />
    <parameterEntry kind="ProviderPath" scope="setAcl" match="^E:\\Software\\7\\Ingenieria\ Web\\dzfsh\\dzfsh\\obj\\Release\\Package\\PackageTmp$" />
  </parameter>
  <parameter name="EquiposEntities-Web.config Connection String" description="EquiposEntities Connection String used in web.config by the application to access the database." defaultValue="metadata=res://*/DataModel.csdl|res://*/DataModel.ssdl|res://*/DataModel.msl;provider=System.Data.SqlClient;provider connection string=&quot;data source=DESKTOP-069DA0U\UIO;initial catalog=Equipos;integrated security=True;MultipleActiveResultSets=True;App=EntityFramework&quot;" tags="SqlConnectionString">
    <parameterEntry kind="XmlFile" scope="E:\\Software\\7\\Ingenieria\ Web\\dzfsh\\dzfsh\\obj\\Release\\Package\\PackageTmp\\Web\.config$" match="/configuration/connectionStrings/add[@name='EquiposEntities']/@connectionString" />
  </parameter>
  <parameter name="EquiposEntities1-Web.config Connection String" description="EquiposEntities1 Connection String used in web.config by the application to access the database." defaultValue="metadata=res://*/DataModel.csdl|res://*/DataModel.ssdl|res://*/DataModel.msl;provider=System.Data.SqlClient;provider connection string=&quot;data source=DESKTOP-069DA0U\UIO;initial catalog=Equipos;integrated security=True;MultipleActiveResultSets=True;App=EntityFramework&quot;" tags="SqlConnectionString">
    <parameterEntry kind="XmlFile" scope="E:\\Software\\7\\Ingenieria\ Web\\dzfsh\\dzfsh\\obj\\Release\\Package\\PackageTmp\\Web\.config$" match="/configuration/connectionStrings/add[@name='EquiposEntities1']/@connectionString" />
  </parameter>
</parameters>